year,lnrenewal_lag,lhp_deflate
2014.0,,8.377226
2015.0,0.30342558,8.3847065
2016.0,0.14463285,8.409295
2017.0,0.3099329,8.479567
2018.0,0.29635945,8.647271
