renewal_group,lnrenewal_lag,lhp_deflate
high,1.0945573,8.575149
low,-0.75339997,8.343551
middle,0.29868907,8.334703
